序号,国家,区域,城市,名称,大类,细分类型,游客口碑,亲子友好度,老人友好度,夫妻友好度,一人游友好度,建议时长(h),日均预算,货币,交通可达性,全年适宜度,最佳旅游季节,最佳月份,文化/生态/独特价值,基础设施与配套,性价比,旅游安全度,华人安全度,综合加权满意度,特色活动与玩法
1,中国,国内,上海,上海迪士尼,主题乐园,迪士尼,9.5,10,6,9,7,12,800,RMB,10,8,全年,3-5月/9-11月,8,10,6,9.5,10,8.79,创极速光轮·加勒比海盗·翱翔·花车巡游·烟花·疯狂动物城
2,中国,国内,丽江,丽江古城·束河,度假小镇,古镇休闲,9,7,7,9.5,9,24,500,RMB,8,8,全年,3-5月/9-11月,9.5,8,8,9.5,10,8.7,古城漫步·酒吧街·纳西古乐·手鼓·骑马拉市海
3,中国,国内,广州,长隆野生动物世界,生态乐园,动物园,9.5,10,7,8,6,8,500,RMB,9.5,8,全年,3-5月/9-11月,8,9.5,7,9.5,10,8.69,自驾观赏·缆车·大熊猫三胞胎·白虎·考拉·长颈鹿喂食
4,中国,国内,北京,北京环球度假区,主题乐园,环球影城,9.5,9.5,5,9,7,12,800,RMB,10,7,春秋,4-5月/9-10月,8,10,6,9.5,10,8.66,哈利波特·变形金刚·侏罗纪·功夫熊猫·小黄人·霸天虎
5,中国,国内,珠海,长隆海洋王国,主题乐园,海洋主题,9.5,10,6,8.5,6,10,700,RMB,8,8,全年,10-5月,8,10,7,9.5,10,8.6,鲸鲨馆·飞越雨林·5D影院·烟花横琴海·企鹅馆·海豚剧场
6,中国,国内,三亚,亚特兰蒂斯酒店,度假酒店,海岛度假,9.2,9.5,7,9.5,6,48,1800,RMB,8,8,冬春,11-4月,7,10,6,9.5,10,8.5,水世界·失落的空间水族馆·海豚湾·C秀演出·私人沙滩·水下套房·SPA
7,中国,国内,成都,青城山康养度假,度假康养,山水康养,8.8,6,8,8.5,8,8,500,RMB,8,8,春秋,4-5月/9-10月,9.5,8,7.5,9.5,10,8.5,道教养生·森林徒步·温泉·品茶·太极·熊猫谷
8,中国,国内,杭州,宋城景区,主题乐园,文化演艺,8.8,8,7,8.5,7,6,350,RMB,9,8,全年,4-10月,8.5,8.5,7,9.5,10,8.49,千古情演出·鬼屋·泼水·丛林迷宫·穿越快闪
9,中国,国内,三亚,亚龙湾美高梅,度假酒店,海岛度假,8.8,8,8,9.5,7,48,1200,RMB,8,8,冬春,11-4月,7,9.5,6.5,9.5,10,8.46,无边泳池·私人沙滩·潜水·SPA·高尔夫·瑜伽·儿童乐园
10,中国,国内,三亚,亚龙湾森林公园,生态乐园,热带生态,8.8,7,5,9.5,8,6,200,RMB,8,8,冬春,10-4月,8.5,8,7.5,9.5,10,8.35,玻璃栈道·索桥·鸟巢度假·全海湾观景·兰花谷
11,中国,国内,长沙,铜官窑古镇,度假小镇,文化体验,8,8,7,8,7,8,300,RMB,9,8,春秋,4-5月/9-11月,8.5,8,7.5,9.5,10,8.34,黑石号剧场·密室·陶瓷体验·飞行影院·古镇夜游
12,中国,国内,广州,长隆欢乐世界,主题乐园,综合游乐,9.2,9.5,4,8,6,10,500,RMB,9.5,8,全年,3-5月/9-11月,7,9.5,7,9.5,10,8.33,垂直过山车·十环过山车·大摆锤·4D影院·国际大马戏
13,中国,国内,三亚,三亚Club Med,度假酒店,一价全包,8.8,9,7,9.5,5,48,1500,RMB,8,8,冬春,11-4月,7,9.5,6,9.5,10,8.31,空中飞人·攀岩·射箭·帆船·浮潜·儿童俱乐部·晚间秀
14,中国,国内,三亚,海棠湾红树林度假世界,度假酒店,海岛度假,8.5,9,7,9,6,48,800,RMB,8,8,冬春,11-4月,6.5,9,7.5,9.5,10,8.29,影城·亚马逊水乐园·艺术汇·红树林探索·SPA·海鲜BBQ
15,中国,国内,常州,中华恐龙园,主题乐园,恐龙主题,9,9.5,5,8,5,10,500,RMB,8,8,全年,4-10月,8,9.5,7,9.5,10,8.29,4D过山龙·翼飞冲天·通天塔·水世界·温泉
16,中国,国内,西双版纳,告庄西双景,度假小镇,文化夜市,8.5,7,7,9,8.5,24,400,RMB,7,8,冬春,11-4月,8,7.5,8,9.5,10,8.28,星光夜市·大金塔·湄公河夜游·傣族手工·泼水节
17,中国,国内,海口,观澜湖度假区,度假综合体,高尔夫温泉,8.5,8,7,9,6,48,1000,RMB,8,8,冬春,11-4月,7,9.5,6.5,9.5,10,8.26,22球场高尔夫·火山温泉·电影公社·水上乐园
18,中国,国内,宁波,方特东方神画,主题乐园,文化科技,8.5,9,6,8,5,8,350,RMB,8,8,全年,4-10月,8,9,7.5,9.5,10,8.24,女娲补天·牛郎织女·雷峰塔·熊出没剧场
19,中国,国内,桂林,Club Med桂林,度假酒店,山水度假,8.5,9,7,9.5,5,48,1500,RMB,7,8,春秋,3-5月/9-11月,8,9,6,9.5,10,8.24,一价全包·攀岩·空中飞人·射箭·皮划艇·儿童俱乐部
20,中国,国内,三亚,三亚千古情,主题乐园,文化演艺,8.5,8,7,8,6,4,300,RMB,8,8,全年,11-4月,8,8.5,7,9.5,10,8.22,千古情演出·冰雪世界·动物园·水公园·鬼域
21,中国,国内,上海,海昌海洋公园,主题乐园,海洋主题,8.5,9.5,6,8,5,8,400,RMB,8,8,全年,4-10月,7.5,9,7,9.5,10,8.19,虎鲸表演·火山漂流·缆车·企鹅馆·冰山过山车
22,中国,国内,西双版纳,万达度假区,度假综合体,热带度假,8.5,8.5,6,9,6,48,800,RMB,7,8,冬春,11-4月,7.5,9,7,9.5,10,8.19,万达乐园·水乐园·傣秀·星光夜市·雨林穿越
23,中国,国内,三亚,海昌梦幻不夜城,主题乐园,海洋主题,8.5,9.5,6,8,6,8,300,RMB,8,8,全年,11-4月,7,8.5,7.5,9.5,10,8.18,海豚表演·过山车·摩天轮·夜场灯光秀·VR体验
24,中国,国内,哈尔滨,冰雪大世界,主题乐园,冰雪主题,9.5,8,4,9,7,6,300,RMB,8,3,冬,12-2月,9,8,7.5,9.5,10,8.18,冰雕城堡·冰滑梯·雪地摩托·灯光秀·烟花·热饮
25,中国,国内,成都,成都融创乐园,主题乐园,综合游乐,8,9,5,8,6,8,300,RMB,9,8,全年,4-10月,7,9,7.5,9.5,10,8.16,蜀汉过山车·雪世界·水世界·电影世界
26,中国,国内,深圳,世界之窗,主题乐园,微缩景观,8,8,7,7,7,6,250,RMB,9.5,8,全年,3-5月/9-11月,7.5,8,7,9.5,10,8.15,130个微缩名胜·冰雪世界·动感太空·恐龙4D·非洲鼓舞
27,中国,国内,重庆,仙女山度假区,度假综合体,山地度假,8.5,8,6,9,7,48,600,RMB,7,6,夏冬,6-8月/12-2月,8.5,7.5,8,9.5,10,8.15,滑雪场·高山草原·小火车·天坑地缝·印象武隆·露营
28,中国,国内,青岛,海昌极地海洋公园,主题乐园,海洋主题,8.5,9.5,6,8,5,6,300,RMB,8,8,全年,6-10月,7.5,8.5,7,9.5,10,8.13,白鲸表演·海底隧道·5D影院·深海奇幻
29,中国,国内,三亚,蜈支洲岛珊瑚酒店,度假酒店,海岛度假,9,8,5,9.5,7,48,2000,RMB,7,7,冬春,10-5月,8,8.5,5.5,9.5,10,8.11,潜水·海钓·拖伞·摩托艇·海上飞人·环岛电瓶车·日出
30,中国,国内,深圳,欢乐谷,主题乐园,综合游乐,8.5,8.5,4,8,6,8,300,RMB,9.5,8,全年,3-5月/9-11月,6.5,8.5,7.5,9.5,10,8.07,木质过山车·激流·太空梭·万圣节·跨年电音
31,中国,国内,武汉,欢乐谷,主题乐园,综合游乐,8.5,9,4,8,6,8,300,RMB,9,8,全年,4-10月,6.5,8.5,7.5,9.5,10,8.06,木翼双龙·极速飞车·激流·水寨·万圣节·电音
32,中国,国内,广州,长隆水上乐园,主题乐园,水上乐园,9,9,4,8,5,8,350,RMB,9.5,5,夏,5-10月,6.5,9.5,7,9.5,10,8.04,大喇叭·巨蟒·超级造浪·漂流河·摇滚巨轮
33,中国,国内,丽江,金茂璞修雪山酒店,度假酒店,雪山度假,9,6,6,10,7,48,2500,RMB,6,5,秋冬,10-4月,9,9,5,9.5,10,8.04,雪山观景·温泉·纳西文化·骑马·徒步·管家服务·星空
34,中国,国内,芜湖,方特欢乐世界,主题乐园,科幻体验,8.5,9,5,7.5,5,8,350,RMB,7,8,全年,4-10月,7.5,9,8,9.5,10,8.04,飞越极限·火流星·西游传说·熊出没·水世界
35,中国,国内,重庆,融创渝乐小镇,主题乐园,综合游乐,8,9,5,7.5,5,8,280,RMB,9,8,全年,4-10月,6.5,8.5,7.5,9.5,10,7.95,崖上过山车·渝味街·双螺旋滑道·水上乐园
36,中国,国内,大连,发现王国,主题乐园,综合游乐,8.5,9,5,8,5,8,300,RMB,8,6,夏秋,5-10月,7,8.5,7,9.5,10,7.91,眼镜蛇·沙漠风暴·飞越太平洋·花车·烟花
37,中国,国内,北京,水立方嬉水乐园,主题乐园,水上乐园,8,9,5,7,5,5,250,RMB,10,5,夏,6-9月,7,8.5,7,9.5,10,7.89,海啸·龙卷风·急速暗涌·梦境漂流·泡泡池
38,中国,国内,郑州,银基度假区,度假综合体,综合度假,8,9.5,5,7.5,4,48,600,RMB,7,8,全年,5-10月,7,9,7.5,9.5,10,7.86,动物王国·水世界·冰雪世界·云岩湖·主题酒店
39,中国,国内,陵水,富力海洋欢乐世界,主题乐园,海洋主题,8,9,6,7.5,5,8,350,RMB,7,7,冬春,11-4月,7,8,7,9.5,10,7.77,海洋表演·过山车·漂流河·花车巡游·烟花
40,中国,国内,万宁,日月湾冲浪小镇,度假小镇,冲浪运动,8.5,6,3,9,8.5,48,500,RMB,6,7,冬春,10-3月,7.5,7,8,9.5,10,7.74,冲浪教学·瑜伽·沙滩篝火·海鲜排档·冲浪赛
41,中国,国内,亚布力,Club Med亚布力,度假酒店,滑雪度假,8.5,8.5,5,9,6,48,1200,RMB,5,3,冬,12-3月,7,8.5,6.5,9.5,10,7.61,一价全包·滑雪教学·雪地徒步·温泉·冰壶·儿童俱乐部
42,日本,东亚,东京,东京迪士尼度假区,主题乐园,迪士尼,9.5,10,6,9.5,7,12,200,USD,9,8,全年,3-5月/9-11月,8.5,10,6,9.5,9.5,8.75,迪士尼乐园·迪士尼海洋·美女与野兽·翱翔·愤怒双神·烟花
43,日本,东亚,大阪,大阪环球影城,主题乐园,环球影城,9.5,9.5,5,9,7,12,180,USD,9,8,全年,3-5月/9-11月,8,10,6,9.5,9.5,8.57,超级任天堂·哈利波特·小黄人·蜘蛛侠·飞天翼龙
44,日本,东亚,冲绳,虹夕诺雅冲绳,度假酒店,海岛度假,9.5,7,7,10,6,48,400,USD,7,8,全年,3-6月/9-11月,8.5,10,5,9.5,9.5,8.37,无边泳池·私人海岸·琉球文化·SPA·海洋运动·星空
45,日本,东亚,箱根,强罗花�的温泉旅馆,度假酒店,温泉旅馆,9.2,5,8,10,7,24,350,USD,7,7,秋冬,10-3月,9,9,6,9.5,9.5,8.31,露天温泉·怀石料理·庭园·富士山·箱根登山铁道
46,日本,东亚,三重县,志摩观光酒店,度假酒店,海湾度假,9,6,8,9.5,7,48,350,USD,6,7,全年,4-6月/9-11月,8,9,6,9.5,9.5,8.12,英虞湾·伊势龙虾·温泉·SPA·伊势神宫·珍珠体验
47,日本,东亚,北海道,星野TOMAMU,度假酒店,滑雪度假,9.2,9,5,9.5,6,48,300,USD,6,5,冬夏,12-3月/6-8月,7.5,9.5,6,9.5,9.5,8.0,云海平台·粉雪·冰之教堂·GAO·微笑海滩·水之教堂
48,韩国,东亚,京畿道,乐天世界,主题乐园,综合游乐,8.8,9,5,8.5,7,10,70,USD,9,8,全年,4-6月/9-10月,7,9,7.5,9,9,8.21,最大室内乐园·法老之怒·飞天海盗·冰上表演·花车
49,韩国,东亚,京畿道,爱宝乐园,主题乐园,综合游乐,9,9.5,5,8.5,6,10,80,USD,8,8,全年,4-6月/9-10月,7,9.5,7.5,9,9,8.17,T-Express·亚马逊漂流·动物王国·四季花园·烟花
50,韩国,东亚,济州岛,济州神话世界,度假综合体,综合度假,8.5,9,6,8.5,5,48,150,USD,7,7,全年,4-6月/9-10月,7,9,7,9,8.5,7.81,蓝鼎乐园·水上乐园·YG体验馆·高尔夫·SPA
51,印度尼西亚,东南亚,巴厘岛,AYANA度假村,度假酒店,悬崖度假,9.2,7,6,10,6,48,250,USD,7,8,全年,4-10月,8,9.5,6.5,7.5,7,7.81,Rock Bar·悬崖餐厅·12泳池·SPA·浮潜·私人沙滩
52,印度尼西亚,东南亚,巴厘岛,Waterbom水上乐园,主题乐园,水上乐园,8.8,9,5,8,6,6,35,USD,8,8,全年,4-10月,6,8.5,8.5,7.5,7,7.58,极速滑道·懒人河·FlowRider冲浪·Gazebo按摩
53,印度尼西亚,东南亚,巴厘岛,巴厘野生动物园,生态乐园,动物园,8.5,9,6,7.5,6,5,30,USD,7,8,全年,4-10月,7.5,8,8,7.5,7,7.55,夜间动物园·大象·水乐园·狮子餐厅·丛林漂流
54,新加坡,东南亚,新加坡,环球影城(圣淘沙),主题乐园,环球影城,9.5,9.5,6,9,7,10,120,USD,10,8,全年,2-4月,8,10,7,9.5,9.5,8.78,变形金刚·木乃伊·侏罗纪·史瑞克4D·太空堡垒
55,新加坡,东南亚,新加坡,S.E.A.海洋馆,主题乐园,海洋主题,9,9.5,8,8,7,4,40,USD,10,8,全年,全年,8,10,7,9.5,9.5,8.76,最大水族窗·10万海洋生物·鲨鱼·水母·触摸池
56,新加坡,东南亚,新加坡,嘉佩乐酒店,度假酒店,奢华度假,9.5,7,8,10,6,48,500,USD,10,8,全年,全年,8.5,10,5,9.5,9.5,8.68,殖民建筑·植物园·无边泳池·SPA·沙滩·管家
57,柬埔寨,东南亚,暹粒,Park Hyatt暹粒,度假酒店,文化度假,9,5,7,9.5,8,48,200,USD,6,6,冬春,11-3月,9.5,9,6.5,7,7,7.7,管家·泳池·SPA·吴哥日出·柬式烹饪课·夜市
58,泰国,东南亚,清迈,四季度假酒店,度假酒店,田园度假,9.5,7,7,10,7,48,400,USD,7,8,冬春,11-2月,8.5,9.5,5.5,8.5,8.5,8.21,稻田泳池·大象营·泰菜课·SPA·瑜伽·自行车·寺庙
59,泰国,东南亚,普吉岛,悦榕庄,度假酒店,海岛奢华,9.2,7,7,10,6,48,350,USD,7,8,冬春,11-4月,8,9.5,6,8,8,7.99,泳池别墅·SPA·浮潜·皮划艇·私人沙滩·泰菜课·日落酒
60,泰国,东南亚,普吉岛,卡伦海滩度假村,度假酒店,海滨度假,8.5,8,7,9.5,6,48,150,USD,7,8,冬春,11-4月,7,8.5,8,8,8,7.87,3泳池·SPA·沙滩排球·浮潜·儿童俱乐部·泰拳·跳岛
61,泰国,东南亚,普吉岛,幻多奇乐园,主题乐园,文化演艺,8.5,8.5,7,8,6,5,60,USD,7,8,全年,11-4月,8,8,8.5,8,8,7.86,大型演出·自助晚宴·大象·虎园·嘉年华
62,泰国,东南亚,曼谷,暹罗水世界,主题乐园,水上乐园,8.5,9.5,5,7.5,5,8,40,USD,9,8,全年,11-4月,6,9,8.5,8.5,8.5,7.86,冲浪·超级碗·懒人河·暗黑漩涡·儿童水城·水上障碍
63,泰国,东南亚,芭提雅,拉玛雅纳水上乐园,主题乐园,水上乐园,8.5,9,5,8,5,6,35,USD,8,8,全年,11-4月,6.5,8.5,8.5,7.5,7.5,7.58,双螺旋·巨蟒·漂流河·浪池·自由落体·水上攀岩
64,泰国,东南亚,苏梅岛,W酒店,度假酒店,潮流度假,9,6,5,10,7,48,300,USD,6,7,冬春,12-4月,7,9.5,6,8,7.5,7.57,无边泳池·日落吧·SPA·浮潜·DJ之夜·瑜伽
65,泰国,东南亚,芭提雅,绿山野生动物园,生态乐园,动物园,8,8.5,6,7.5,6,5,25,USD,7,8,全年,11-4月,7,7,9,7.5,7.5,7.42,长颈鹿喂食·大象·鹦鹉·丛林·水乐园·恐龙谷
66,越南,东南亚,岘港,巴拿山太阳世界,主题乐园,综合度假,8.8,8.5,5,9,7,10,50,USD,7,7,春,2-5月,8,8.5,8.5,8,7.5,7.88,佛手金桥·法式小镇·Fantasy Park·缆车·蜡像馆·啤酒广场
67,越南,东南亚,富国岛,JW万豪翡翠湾,度假酒店,海岛度假,9,8,7,9.5,6,48,200,USD,6,6,冬春,11-4月,7,9.5,7,8,7.5,7.74,私人沙滩·3泳池·水疗·浮潜·越式烹饪·日落吧
68,越南,东南亚,芽庄,珍珠岛乐园,主题乐园,综合度假,8.5,9,5,8,6,10,40,USD,7,7,春夏,1-8月,7,8.5,8.5,8,7.5,7.62,过山车·水上乐园·水族馆·跨海缆车·海豚·游戏城
69,越南,东南亚,富国岛,太阳世界自然公园,主题乐园,动物主题,8.5,9,5,7.5,6,8,35,USD,6,6,冬春,11-4月,7.5,8,8.5,8,7.5,7.46,全球最长缆车·野生动物园·水上乐园·大象表演
70,马来西亚,东南亚,兰卡威,达泰度假酒店,度假酒店,雨林海岛,9.5,6,6,10,7,48,300,USD,6,7,冬春,11-3月,9,9.5,6,8.5,8.5,8.05,雨林SPA·私人沙滩·自然导览·皮划艇·瑜伽·高尔夫·观鹰
71,马来西亚,东南亚,沙巴,香格里拉丹绒亚路,度假酒店,海滨度假,9,8.5,7,9.5,6,48,200,USD,7,7,全年,3-5月,8,9,7,8.5,8,8.05,全球最美落日·3泳池·浮潜·SPA·自然巡游·文化演出
72,马来西亚,东南亚,吉隆坡,云顶高原度假城,度假综合体,综合娱乐,8.5,8.5,6,8,7,48,100,USD,7,8,全年,全年,7,9,8,8.5,9,7.98,主题乐园·赌场·购物·室内游乐·20度避暑
73,马来西亚,东南亚,新山,乐高乐园,主题乐园,亲子乐园,9,10,5,7,4,8,60,USD,7,7,全年,3-10月,7.5,9,8,8.5,8.5,7.76,Miniland·水上乐园·海洋中心·忍者旋风·4D电影
74,马尔代夫,南亚(免签),北马累,瑞吉度假酒店,度假酒店,海岛奢华,9.5,7,6,10,5,72,1200,USD,5,5,冬春,11-4月,8,10,4.5,9,8,7.66,水上别墅·珊瑚花园·SPA·海钓·日落游艇·管家
75,马尔代夫,南亚(免签),马累环礁,索尼娃富士,度假酒店,海岛奢华,9.8,7,5,10,5,72,1500,USD,4,5,冬春,11-4月,9,10,4,9,8,7.62,水上别墅·天文台·海底餐厅·浮潜·SPA·无人岛·海豚巡游
76,马尔代夫,南亚(免签),南阿里,丽世度假村,度假酒店,海岛度假,9,8,6,9.5,5,72,500,USD,4,5,冬春,11-4月,8.5,8.5,6,9,8,7.55,鲸鲨浮潜·沙洲野餐·SPA·水上运动·海底餐厅
