国家,城市,景区,游客口碑,亲子友好度,老人友好度,夫妻友好度,一人游友好度,游览时长,游览时长评分,平均酒景预算,预算评分,城市交通可达性,季节适宜性,季节评分,最佳旅游季节和月份,文化/生态/独特价值,基础设施与配套,性价比,旅游安全度,华人安全度,适合多大年龄段的小朋友一起出行,综合量化加权满意度,来源/备注
法国,巴黎,卢浮宫+塞纳河历史轴线,9.5,8.5,8.0,9.5,8.8,1.5-2天,8.8,中高,7.2,10.0,全年可游，冬季体验略弱,8.7,"4-6月,9-10月",文化/独特,9.5,7.8,8.0,7.6,6岁+,88.7,由《欧洲国际版5A式景区报告_2026》转表；综合分按权重表公式重算
英国,伦敦,大英博物馆+威斯敏斯特片区,9.4,8.8,8.1,9.0,9.0,1-2天,9.0,中高,7.2,10.0,全年可游,9.2,"4-6月,9-10月",文化,9.5,7.8,8.3,7.8,5岁+,88.8,由《欧洲国际版5A式景区报告_2026》转表；综合分按权重表公式重算
西班牙,巴塞罗那,圣家堂+高迪建筑群,9.4,8.4,7.5,9.3,8.9,1-2天,9.0,中,8.2,10.0,全年可游,9.2,"4-6月,9-10月",文化/独特,9.2,8.0,8.2,7.4,5岁+,88.8,由《欧洲国际版5A式景区报告_2026》转表；综合分按权重表公式重算
瑞士,琉森/因特拉肯,少女峰地区,9.5,9.1,7.8,9.4,9.0,1-2天,9.0,高,6.2,8.5,四季皆宜,8.3,"6-9月,12-2月",生态/独特,9.2,6.8,9.2,8.2,5岁+,86.4,由《欧洲国际版5A式景区报告_2026》转表；综合分按权重表公式重算
奥地利,维也纳,美泉宫+维也纳历史中心,9.1,8.5,8.2,8.9,8.7,1-2天,9.0,中,8.2,9.2,全年可游,9.2,"4-6月,9-12月",文化,9.0,8.2,8.9,8.3,4岁+,88.2,由《欧洲国际版5A式景区报告_2026》转表；综合分按权重表公式重算
芬兰,赫尔辛基/罗瓦涅米,圣诞老人村+拉普兰体验,8.9,9.2,7.8,8.7,8.8,1-3天,8.0,中高,7.2,7.5,冬季特色强,8.3,12-3月,亲子/生态,8.7,7.0,9.1,8.4,3-12岁,84.0,由《欧洲国际版5A式景区报告_2026》转表；综合分按权重表公式重算
葡萄牙,辛特拉,辛特拉文化景观,9.1,8.2,7.4,9.0,8.8,1天,9.5,中,8.2,8.8,春秋最佳,8.8,"4-6月,9-10月",文化/自然,8.4,8.7,8.8,8.3,5岁+,87.1,由《欧洲国际版5A式景区报告_2026》转表；综合分按权重表公式重算
荷兰,阿姆斯特丹,运河环带+博物馆区,9.0,8.6,8.0,8.8,8.9,1-2天,9.0,中高,7.2,10.0,春夏秋佳,8.6,4-10月,文化,9.0,7.4,8.7,8.1,4岁+,87.3,由《欧洲国际版5A式景区报告_2026》转表；综合分按权重表公式重算
捷克,布拉格,布拉格历史中心,9.2,7.9,7.0,9.4,8.9,1-2天,9.0,中低,8.7,9.0,春秋最佳,8.8,"4-6月,9-10月",文化/独特,8.4,9.0,8.2,7.7,7岁+,87.2,由《欧洲国际版5A式景区报告_2026》转表；综合分按权重表公式重算
挪威,卑尔根/弗洛姆,挪威峡湾,9.5,8.8,7.8,9.4,9.0,1-3天,8.0,高,6.2,7.2,夏季最佳,8.1,6-8月,生态/独特,8.5,6.6,9.4,8.3,6岁+,84.0,由《欧洲国际版5A式景区报告_2026》转表；综合分按权重表公式重算
意大利,罗马,罗马斗兽场-古罗马广场,9.4,7.8,6.8,9.3,8.5,1天,9.5,中,8.2,9.5,避开盛夏,8.3,"3-5月,10-11月",文化/独特,8.8,7.9,7.8,7.2,8岁+,86.2,由《欧洲国际版5A式景区报告_2026》转表；综合分按权重表公式重算
葡萄牙,波尔图,杜罗河谷+波尔图历史区,8.9,7.8,7.6,9.0,8.9,1-2天,9.0,中,8.2,8.2,春秋最佳,8.8,"4-6月,9-10月",文化/风景,8.3,8.8,8.8,8.2,6岁+,85.5,由《欧洲国际版5A式景区报告_2026》转表；综合分按权重表公式重算
瑞士,采尔马特,马特洪峰地区,9.4,8.5,7.4,9.5,9.0,1-2天,9.0,高,6.2,7.8,四季皆宜,8.3,"6-9月,12-2月",生态/独特,8.8,6.5,9.1,8.0,6岁+,84.2,由《欧洲国际版5A式景区报告_2026》转表；综合分按权重表公式重算
奥地利,萨尔茨堡,萨尔茨堡老城,8.9,8.0,8.0,8.8,8.6,1天,9.5,中,8.2,8.3,全年可游,9.2,"5-10月,12月",文化,8.6,8.5,8.8,8.2,4岁+,86.3,由《欧洲国际版5A式景区报告_2026》转表；综合分按权重表公式重算
德国,新天鹅堡,新天鹅堡与阿尔卑斯前山,9.3,8.4,7.0,9.5,8.8,0.5-1天,10.0,中,8.2,7.5,春夏秋佳,8.6,5-10月,独特/风景,8.0,8.0,8.7,8.1,6岁+,85.1,由《欧洲国际版5A式景区报告_2026》转表；综合分按权重表公式重算
德国,柏林,博物馆岛+历史中心,9.0,7.9,7.8,8.8,8.8,1-2天,9.0,中,8.2,10.0,全年可游,9.2,"5-10月,12月",文化,8.9,8.6,8.4,8.1,7岁+,87.9,由《欧洲国际版5A式景区报告_2026》转表；综合分按权重表公式重算
匈牙利,布达佩斯,多瑙河两岸+城堡山,9.0,7.8,7.2,9.1,8.8,1-2天,9.0,中低,8.7,8.7,春秋最佳,8.8,"4-6月,9-10月",文化/温泉,8.4,9.1,8.0,7.8,6岁+,85.8,由《欧洲国际版5A式景区报告_2026》转表；综合分按权重表公式重算
法国,巴黎/凡尔赛,凡尔赛宫,9.2,7.8,7.2,9.2,8.0,0.5-1天,10.0,中高,7.2,10.0,春秋最佳,8.8,"4-6月,9-10月",文化,9.0,7.2,8.0,7.5,8岁+,85.8,由《欧洲国际版5A式景区报告_2026》转表；综合分按权重表公式重算
意大利,佛罗伦萨,佛罗伦萨历史中心,9.2,7.5,7.0,9.2,8.8,1-2天,9.0,中,8.2,9.0,春秋最佳,8.8,"4-6月,9-10月",文化,8.8,8.1,8.0,7.5,8岁+,85.5,由《欧洲国际版5A式景区报告_2026》转表；综合分按权重表公式重算
西班牙,格拉纳达,阿尔罕布拉宫,9.3,7.2,6.8,9.3,8.4,0.5-1天,10.0,中,8.2,8.5,春秋最佳,8.8,"4-6月,9-10月",文化,8.5,8.4,8.4,7.6,8岁+,85.2,由《欧洲国际版5A式景区报告_2026》转表；综合分按权重表公式重算
英国,爱丁堡,爱丁堡旧城新城,9.0,7.5,7.2,9.0,8.9,1天,9.5,中,8.2,8.7,夏秋最佳,8.4,5-9月,文化/独特,8.5,8.0,8.4,8.0,7岁+,85.4,由《欧洲国际版5A式景区报告_2026》转表；综合分按权重表公式重算
希腊,雅典,雅典卫城,9.4,7.2,6.5,9.1,8.7,0.5-1天,10.0,中,8.2,9.2,春秋最佳,8.8,"3-5月,9-11月",文化/独特,8.0,8.5,8.0,7.6,8岁+,85.7,由《欧洲国际版5A式景区报告_2026》转表；综合分按权重表公式重算
比利时,布鲁日,布鲁日历史中心,8.8,8.0,7.9,9.0,8.7,1天,9.5,中,8.2,8.8,春夏秋佳,8.6,4-10月,文化,8.2,8.2,8.6,8.0,5岁+,85.8,由《欧洲国际版5A式景区报告_2026》转表；综合分按权重表公式重算
法国,诺曼底,圣米歇尔山,9.1,7.0,6.8,9.4,8.2,0.5-1天,10.0,中,8.2,7.5,春夏秋佳,8.6,5-10月,文化/独特,7.8,8.1,8.4,8.0,8岁+,83.5,由《欧洲国际版5A式景区报告_2026》转表；综合分按权重表公式重算
意大利,威尼斯,威尼斯历史城区,9.3,7.0,6.0,9.5,8.7,1-2天,9.0,中高,7.2,8.5,春秋最佳,8.8,"4-6月,9-10月",文化/独特,8.2,7.0,7.7,7.0,10岁+,82.5,由《欧洲国际版5A式景区报告_2026》转表；综合分按权重表公式重算
西班牙,塞维利亚,塞维利亚王宫-老城,9.0,7.5,7.0,9.1,8.6,1天,9.5,中,8.2,8.5,避开酷暑,8.3,"3-5月,10-11月",文化,8.3,8.5,8.3,7.7,6岁+,84.6,由《欧洲国际版5A式景区报告_2026》转表；综合分按权重表公式重算
德国,科隆,科隆大教堂,8.8,7.2,7.5,8.8,8.6,半天,8.0,中,8.2,9.5,全年可游,9.2,"4-10月,12月",文化,8.7,8.8,8.4,8.0,6岁+,85.9,由《欧洲国际版5A式景区报告_2026》转表；综合分按权重表公式重算
冰岛,雷克雅未克/南岸,黄金圈+南岸瀑布黑沙滩,9.4,8.1,7.0,9.3,9.2,2-3天,7.5,高,6.2,6.5,夏季/极光季,8.3,"6-8月,10-3月",生态/独特,8.0,6.3,8.9,7.8,8岁+,80.9,由《欧洲国际版5A式景区报告_2026》转表；综合分按权重表公式重算
克罗地亚,杜布罗夫尼克,杜城古城墙,9.1,7.0,6.5,9.4,8.6,1天,9.5,中高,7.2,7.0,春夏秋佳,8.6,5-10月,文化/海景,7.8,7.0,8.1,7.5,8岁+,80.5,由《欧洲国际版5A式景区报告_2026》转表；综合分按权重表公式重算
希腊,圣托里尼,伊亚-火山海景线,9.1,6.5,5.8,9.7,8.8,1-2天,9.0,中高,7.2,7.2,春夏秋佳,8.6,5-10月,风景/独特,7.8,6.8,7.8,7.0,10岁+,79.5,由《欧洲国际版5A式景区报告_2026》转表；综合分按权重表公式重算
